{"chunk_definitions":[{"row":60,"row_count":1,"visible":true,"expansion_state":0,"options":{"engine":"r","label":"unnamed-chunk-42"},"document_id":"4544B180","chunk_id":"c26zdgq4c7ses","chunk_label":"unnamed-chunk-2"},{"row":109,"row_count":1,"visible":true,"expansion_state":0,"options":{"engine":"r","label":"unnamed-chunk-43"},"document_id":"4544B180","chunk_id":"c6modyv0fetkd","chunk_label":"unnamed-chunk-3"},{"row":129,"row_count":1,"visible":true,"expansion_state":0,"options":{"engine":"r","label":"unnamed-chunk-7"},"document_id":"4544B180","chunk_id":"cncseewbmlsr8","chunk_label":"unnamed-chunk-4"},{"row":152,"row_count":1,"visible":true,"expansion_state":0,"options":{"engine":"r","label":"unnamed-chunk-45"},"document_id":"4544B180","chunk_id":"cxr8w903o5r1l","chunk_label":"unnamed-chunk-5"},{"row":195,"row_count":1,"visible":true,"expansion_state":0,"options":{"engine":"r","label":"unnamed-chunk-47"},"document_id":"4544B180","chunk_id":"c2gnd6g44trgf","chunk_label":"unnamed-chunk-6"},{"row":205,"row_count":1,"visible":true,"expansion_state":0,"options":{"engine":"r","label":"unnamed-chunk-48"},"document_id":"4544B180","chunk_id":"cva7h0tky8h9z","chunk_label":"unnamed-chunk-7"}],"doc_write_time":1669680857}