{
    "sources": [
        {
            "author": [
                {
                    "family": "Baron",
                    "given": "Reuben M"
                },
                {
                    "family": "Kenny",
                    "given": "David A"
                }
            ],
            "container-title": "Journal of Personality and Social Psychology",
            "id": "baron1986",
            "issue": "6",
            "issued": {
                "date-parts": [
                    [
                        1986
                    ]
                ]
            },
            "language": "en",
            "page": "1173-1182",
            "title": "The Moderator-Mediator Variable Distinction in Social Psychological Research: Conceptual, Strategic, and Statistical Considerations",
            "title-short": "The Moderator-Mediator Variable Distinction in Social Psychological Research",
            "type": "article-journal",
            "volume": "51"
        },
        {
            "DOI": "10.3758/BF03206553",
            "URL": "http://link.springer.com/10.3758/BF03206553",
            "author": [
                {
                    "family": "Preacher",
                    "given": "Kristopher J."
                },
                {
                    "family": "Hayes",
                    "given": "Andrew F."
                }
            ],
            "container-title": "Behavior Research Methods, Instruments, & Computers",
            "id": "preacher2004",
            "issue": "4",
            "issued": {
                "date-parts": [
                    [
                        2004,
                        11
                    ]
                ]
            },
            "language": "en",
            "page": "717-731",
            "title": "SPSS and SAS procedures for estimating indirect effects in simple mediation models",
            "type": "article-journal",
            "volume": "36"
        }
    ],
    "project_biblios": []
}