{"chunk_definitions":[{"row":33,"row_count":1,"visible":true,"expansion_state":0,"options":{"echo":false,"engine":"r","label":"unnamed-chunk-2"},"document_id":"4544B180","chunk_id":"cdqtbx3b86lx4","chunk_label":"unnamed-chunk-1"},{"row":59,"row_count":1,"visible":true,"expansion_state":0,"options":{"engine":"r","label":"unnamed-chunk-25"},"document_id":"4544B180","chunk_id":"c26zdgq4c7ses","chunk_label":"unnamed-chunk-2"},{"row":94,"row_count":1,"visible":true,"expansion_state":0,"options":{"fig-cap":"Ploting the clusters?","fig-align":"center","fig-width":4,"fig-height":2.25,"dpi":1200,"warning":false,"engine":"r","label":"unnamed-chunk-26"},"document_id":"4544B180","chunk_id":"cl55zpkfiujzb","chunk_label":"fig-simpleplot"},{"row":108,"row_count":1,"visible":true,"expansion_state":0,"options":{"engine":"r","label":"unnamed-chunk-41"},"document_id":"4544B180","chunk_id":"c6modyv0fetkd","chunk_label":"unnamed-chunk-3"},{"row":118,"row_count":1,"visible":true,"expansion_state":0,"options":{"engine":"r","label":"unnamed-chunk-49"},"document_id":"4544B180","chunk_id":"cq2fuh4fhu4dn","chunk_label":"unnamed-chunk-4"},{"row":138,"row_count":1,"visible":true,"expansion_state":0,"options":{"engine":"r","label":"unnamed-chunk-50"},"document_id":"4544B180","chunk_id":"c6ci49l31ph5v","chunk_label":"unnamed-chunk-5"},{"row":165,"row_count":1,"visible":true,"expansion_state":0,"options":{"engine":"r","label":"unnamed-chunk-51"},"document_id":"4544B180","chunk_id":"cxr8w903o5r1l","chunk_label":"unnamed-chunk-6"},{"row":195,"row_count":1,"visible":true,"expansion_state":0,"options":{"fig-cap":"Ploting the clusters?","fig-align":"center","fig-width":4,"fig-height":2.25,"dpi":1200,"warning":false,"engine":"r","label":"unnamed-chunk-52"},"document_id":"4544B180","chunk_id":"cmdgy2moa5ygq","chunk_label":"fig-simpleplot2"},{"row":206,"row_count":1,"visible":true,"expansion_state":0,"options":{"engine":"r","label":"unnamed-chunk-53"},"document_id":"4544B180","chunk_id":"c2gnd6g44trgf","chunk_label":"unnamed-chunk-7"},{"row":218,"row_count":1,"visible":true,"expansion_state":0,"options":{"engine":"r","label":"unnamed-chunk-54"},"document_id":"4544B180","chunk_id":"cj74lglixzd8t","chunk_label":"unnamed-chunk-8"},{"row":229,"row_count":1,"visible":true,"expansion_state":0,"options":{"engine":"r","label":"unnamed-chunk-55"},"document_id":"4544B180","chunk_id":"c7nl4t6xam5nu","chunk_label":"unnamed-chunk-9"},{"row":250,"row_count":1,"visible":true,"expansion_state":0,"options":{"engine":"r","label":"unnamed-chunk-63"},"document_id":"4544B180","chunk_id":"coe9ly4zmqcf5","chunk_label":"unnamed-chunk-10"},{"row":268,"row_count":1,"visible":true,"expansion_state":0,"options":{"engine":"r","label":"unnamed-chunk-64"},"document_id":"4544B180","chunk_id":"cdmls2ie1kv7t","chunk_label":"unnamed-chunk-11"}],"doc_write_time":1669728607}