{
    "sources": [
        {
            "DOI": "10.1016/j.econedurev.2004.07.013",
            "URL": "https://linkinghub.elsevier.com/retrieve/pii/S0272775704001165",
            "author": [
                {
                    "family": "Hamermesh",
                    "given": "Daniel S."
                },
                {
                    "family": "Parker",
                    "given": "Amy"
                }
            ],
            "container-title": "Economics of Education Review",
            "id": "hamermesh2005",
            "issue": "4",
            "issued": {
                "date-parts": [
                    [
                        2005,
                        8
                    ]
                ]
            },
            "language": "en",
            "page": "369-376",
            "title": "Beauty in the classroom: instructors’ pulchritude and putative pedagogical productivity",
            "title-short": "Beauty in the classroom",
            "type": "article-journal",
            "volume": "24"
        },
        {
            "DOI": "10.4135/9781452230184",
            "URL": "https://methods.sagepub.com/book/survey-research-methods",
            "author": [
                {
                    "family": "Fowler",
                    "given": "Floyd"
                }
            ],
            "id": "fowler2009",
            "issued": {
                "date-parts": [
                    [
                        2009
                    ]
                ]
            },
            "note": "DOI: 10.4135/9781452230184",
            "publisher": "SAGE Publications, Inc.",
            "publisher-place": "2455 Teller Road, Thousand Oaks California 91320 United States",
            "title": "Survey research methods (4th ed.)",
            "type": "book"
        },
        {
            "DOI": "10.1037/h0036018",
            "URL": "http://doi.apa.org/getdoi.cfm?doi=10.1037/h0036018",
            "author": [
                {
                    "family": "Landy",
                    "given": "David"
                },
                {
                    "family": "Sigall",
                    "given": "Harold"
                }
            ],
            "container-title": "Journal of Personality and Social Psychology",
            "id": "landy1974",
            "issue": "3",
            "issued": {
                "date-parts": [
                    [
                        1974,
                        3
                    ]
                ]
            },
            "language": "en",
            "page": "299-304",
            "title": "Beauty is talent: Task evaluation as a function of the performer’s physical attractiveness.",
            "title-short": "Beauty is talent",
            "type": "article-journal",
            "volume": "29"
        },
        {
            "DOI": "10.1287/mnsc.2019.3336",
            "URL": "http://pubsonline.informs.org/doi/10.1287/mnsc.2019.3336",
            "author": [
                {
                    "family": "Cao",
                    "given": "Ying"
                },
                {
                    "family": "Guan",
                    "given": "Feng"
                },
                {
                    "family": "Li",
                    "given": "Zengquan"
                },
                {
                    "family": "Yang",
                    "given": "Yong George"
                }
            ],
            "container-title": "Management Science",
            "id": "cao2020",
            "issue": "9",
            "issued": {
                "date-parts": [
                    [
                        2020,
                        9
                    ]
                ]
            },
            "language": "en",
            "page": "4315-4335",
            "title": "Analysts’ Beauty and Performance",
            "type": "article-journal",
            "volume": "66"
        },
        {
            "DOI": "10.2307/2787149",
            "URL": "http://www.jstor.org/stable/2787149?origin=crossref",
            "author": [
                {
                    "family": "Jackson",
                    "given": "Linda A."
                },
                {
                    "family": "Hunter",
                    "given": "John E."
                },
                {
                    "family": "Hodge",
                    "given": "Carole N."
                }
            ],
            "container-title": "Social Psychology Quarterly",
            "id": "jackson1995",
            "issue": "2",
            "issued": {
                "date-parts": [
                    [
                        1995,
                        6
                    ]
                ]
            },
            "page": "108",
            "title": "Physical attractiveness and intellectual competence: A meta-analytic review",
            "title-short": "Physical attractiveness and intellectual competence",
            "type": "article-journal",
            "volume": "58"
        },
        {
            "DOI": "10.1080/00221309.2016.1200529",
            "URL": "http://www.tandfonline.com/doi/full/10.1080/00221309.2016.1200529",
            "author": [
                {
                    "family": "Westfall",
                    "given": "Richard"
                },
                {
                    "family": "Millar",
                    "given": "Murray"
                },
                {
                    "family": "Walsh",
                    "given": "Mandy"
                }
            ],
            "container-title": "The Journal of General Psychology",
            "id": "westfall2016",
            "issue": "3",
            "issued": {
                "date-parts": [
                    [
                        2016,
                        7,
                        2
                    ]
                ]
            },
            "language": "en",
            "page": "161-171",
            "title": "Effects of Instructor Attractiveness on Learning",
            "type": "article-journal",
            "volume": "143"
        },
        {
            "DOI": "10.5465/amj.2016.1215",
            "URL": "http://journals.aom.org/doi/10.5465/amj.2016.1215",
            "author": [
                {
                    "family": "Kanze",
                    "given": "Dana"
                },
                {
                    "family": "Huang",
                    "given": "Laura"
                },
                {
                    "family": "Conley",
                    "given": "Mark A."
                },
                {
                    "family": "Higgins",
                    "given": "E. Tory"
                }
            ],
            "container-title": "Academy of Management Journal",
            "id": "kanze2018",
            "issue": "2",
            "issued": {
                "date-parts": [
                    [
                        2018,
                        4
                    ]
                ]
            },
            "language": "en",
            "page": "586-614",
            "title": "We Ask Men to Win and Women Not to Lose: Closing the Gender Gap in Startup Funding",
            "title-short": "We Ask Men to Win and Women Not to Lose",
            "type": "article-journal",
            "volume": "61"
        },
        {
            "DOI": "10.1046/j.1467-6486.2003.00406.x",
            "URL": "http://doi.wiley.com/10.1046/j.1467-6486.2003.00406.x",
            "author": [
                {
                    "family": "Wiklund",
                    "given": "Johan"
                },
                {
                    "family": "Shepherd",
                    "given": "Dean"
                }
            ],
            "container-title": "Journal of Management Studies",
            "id": "wiklund2003",
            "issue": "8",
            "issued": {
                "date-parts": [
                    [
                        2003,
                        12
                    ]
                ]
            },
            "language": "en",
            "page": "1919-1941",
            "title": "Aspiring for, and Achieving Growth: The Moderating Role of Resources and Opportunities*",
            "title-short": "Aspiring for, and Achieving Growth",
            "type": "article-journal",
            "volume": "40"
        }
    ],
    "project_biblios": []
}