"0",""
"0","factoextra::fviz_nbclust("
"0","  df_train[, train_variables],"
"0","  kmeans, method = ""silhouette"", k.max = 12"
"0",")"
"2","Warning in gzfile(file, ""wb"") :"
"2","
 "
"2"," cannot open compressed file 'C:/Users/MI.4859/Work/teaching/BE 603 - Data Analytics III/BE603 2022/Seminars/BE603 Seminar 6 - Unsupervised learning/.Rproj.user/shared/notebooks/49806D58-BE603 Seminar 6 - solutions/1/3AFE6F8AFE16B7FC/c6ci49l31ph5v_t/7a71786e691d4efb991950ce0a9ae850.snapshot', probable reason 'No such file or directory'
"
"2","Error in gzfile(file, ""wb"") : cannot open the connection
"
