{
    "sources": [
        {
            "DOI": "10.2307/2109893",
            "URL": "https://www.jstor.org/stable/2109893?origin=crossref",
            "author": [
                {
                    "family": "Cornwell",
                    "given": "Christopher"
                },
                {
                    "family": "Trumbull",
                    "given": "William N."
                }
            ],
            "container-title": "The Review of Economics and Statistics",
            "id": "cornwell1994",
            "issue": "2",
            "issued": {
                "date-parts": [
                    [
                        1994,
                        5
                    ]
                ]
            },
            "page": "360",
            "title": "Estimating the economic model of crime with panel data",
            "type": "article-journal",
            "volume": "76"
        }
    ],
    "project_biblios": []
}