{
    "sources": [
        {
            "author": [
                {
                    "family": "Hyndman",
                    "given": "Rob J."
                },
                {
                    "family": "Athanasopoulos",
                    "given": "George"
                }
            ],
            "edition": "2nd edition",
            "id": "hyndman2018",
            "issued": {
                "date-parts": [
                    [
                        2018
                    ]
                ]
            },
            "language": "eng",
            "publisher": "Otexts, online, open-access textbook",
            "publisher-place": "Lexington, Ky.",
            "title": "Forecasting: principles and practice",
            "title-short": "Forecasting",
            "type": "book"
        },
        {
            "DOI": "10.1080/00036840600970138",
            "URL": "http://www.tandfonline.com/doi/abs/10.1080/00036840600970138",
            "author": [
                {
                    "family": "Lee",
                    "given": "Chien-Chiang"
                },
                {
                    "family": "Chang",
                    "given": "Chun-Ping"
                }
            ],
            "container-title": "Applied Economics",
            "id": "lee2008",
            "issue": "19",
            "issued": {
                "date-parts": [
                    [
                        2008,
                        10
                    ]
                ]
            },
            "language": "en",
            "page": "2523-2536",
            "title": "Trend stationary of inflation rates: evidence from LM unit root testing with a long span of historical data",
            "title-short": "Trend stationary of inflation rates",
            "type": "article-journal",
            "volume": "40"
        },
        {
            "DOI": "10.2139/ssrn.1112779",
            "URL": "http://www.ssrn.com/abstract=1112779",
            "author": [
                {
                    "family": "Lopez",
                    "given": "Claude"
                }
            ],
            "container-title": "SSRN Electronic Journal",
            "id": "lopez2008",
            "issued": {
                "date-parts": [
                    [
                        2008
                    ]
                ]
            },
            "language": "en",
            "title": "Euro-Zone Inflation Rates: Stationary or Regime-Wise Stationary Processes",
            "title-short": "Euro-Zone Inflation Rates",
            "type": "article-journal"
        },
        {
            "DOI": "10.1016/j.econlet.2004.11.004",
            "URL": "https://linkinghub.elsevier.com/retrieve/pii/S016517650500008X",
            "author": [
                {
                    "family": "Lee",
                    "given": "Jin"
                }
            ],
            "container-title": "Economics Letters",
            "id": "lee2005",
            "issue": "2",
            "issued": {
                "date-parts": [
                    [
                        2005,
                        5
                    ]
                ]
            },
            "language": "en",
            "page": "207-210",
            "title": "Estimating memory parameter in the US inflation rate",
            "type": "article-journal",
            "volume": "87"
        },
        {
            "DOI": "10.1002/(SICI)1099-1255(199707)12:4<435::AID-JAE430>3.0.CO;2-1",
            "URL": "https://onlinelibrary.wiley.com/doi/10.1002/(SICI)1099-1255(199707)12:4<435::AID-JAE430>3.0.CO;2-1",
            "author": [
                {
                    "family": "Culver",
                    "given": "Sarah E."
                },
                {
                    "family": "Papell",
                    "given": "David H."
                }
            ],
            "container-title": "Journal of Applied Econometrics",
            "id": "culver1997",
            "issue": "4",
            "issued": {
                "date-parts": [
                    [
                        1997,
                        7
                    ]
                ]
            },
            "language": "en",
            "page": "435-444",
            "title": "Is there a unit root in the inflation rate? Evidence from sequential break and panel data models",
            "type": "article-journal",
            "volume": "12"
        },
        {
            "DOI": "10.2307/2109893",
            "URL": "https://www.jstor.org/stable/2109893?origin=crossref",
            "author": [
                {
                    "family": "Cornwell",
                    "given": "Christopher"
                },
                {
                    "family": "Trumbull",
                    "given": "William N."
                }
            ],
            "container-title": "The Review of Economics and Statistics",
            "id": "cornwell1994",
            "issue": "2",
            "issued": {
                "date-parts": [
                    [
                        1994,
                        5
                    ]
                ]
            },
            "page": "360",
            "title": "Estimating the economic model of crime with panel data",
            "type": "article-journal",
            "volume": "76"
        }
    ],
    "project_biblios": []
}