{"chunk_definitions":[{"row":33,"row_count":1,"visible":true,"expansion_state":0,"options":{"echo":false,"engine":"r","label":"unnamed-chunk-2"},"document_id":"4544B180","chunk_id":"cdqtbx3b86lx4","chunk_label":"unnamed-chunk-1"},{"row":59,"row_count":1,"visible":true,"expansion_state":0,"options":{"engine":"r","label":"unnamed-chunk-25"},"document_id":"4544B180","chunk_id":"c26zdgq4c7ses","chunk_label":"unnamed-chunk-2"},{"row":94,"row_count":1,"visible":true,"expansion_state":0,"options":{"fig-cap":"Ploting the clusters?","fig-align":"center","fig-width":4,"fig-height":2.25,"dpi":1200,"warning":false,"engine":"r","label":"unnamed-chunk-26"},"document_id":"4544B180","chunk_id":"cl55zpkfiujzb","chunk_label":"fig-simpleplot"},{"row":108,"row_count":1,"visible":true,"expansion_state":0,"options":{"engine":"r","label":"unnamed-chunk-41"},"document_id":"4544B180","chunk_id":"c6modyv0fetkd","chunk_label":"unnamed-chunk-3"},{"row":118,"row_count":1,"visible":true,"expansion_state":0,"options":{"engine":"r","label":"unnamed-chunk-49"},"document_id":"4544B180","chunk_id":"cq2fuh4fhu4dn","chunk_label":"unnamed-chunk-4"},{"row":138,"row_count":1,"visible":true,"expansion_state":0,"options":{"engine":"r","label":"unnamed-chunk-50"},"document_id":"4544B180","chunk_id":"c6ci49l31ph5v","chunk_label":"unnamed-chunk-5"}],"doc_write_time":1669728874,"chunk_rendered_width":400}