{"chunk_definitions":[{"row":11,"row_count":1,"visible":true,"expansion_state":0,"options":{"engine":"r","label":"setup","include":false},"document_id":"094D78AA","chunk_id":"csetup_chunk","chunk_label":"setup"},{"row":17,"row_count":1,"visible":true,"expansion_state":0,"options":{"engine":"r","include":false,"label":"unnamed-chunk-2"},"document_id":"094D78AA","chunk_id":"ck0ktp5tb3zl8","chunk_label":"unnamed-chunk-1"},{"row":48,"row_count":1,"visible":true,"expansion_state":0,"options":{"engine":"r","label":"unnamed-chunk-4"},"document_id":"094D78AA","chunk_id":"cuqaug2vi2jyr","chunk_label":"unnamed-chunk-2"},{"row":93,"row_count":1,"visible":true,"expansion_state":0,"options":{"engine":"r","warning":false,"label":"unnamed-chunk-6"},"document_id":"094D78AA","chunk_id":"c4z1e079f2bvx","chunk_label":"unnamed-chunk-3"},{"row":110,"row_count":1,"visible":true,"expansion_state":0,"options":{"engine":"r","label":"unnamed-chunk-37"},"document_id":"094D78AA","chunk_id":"c4ow7cwilxqkm","chunk_label":"unnamed-chunk-4"}],"doc_write_time":1674830941,"working_dir":null,"default_chunk_options":{"echo":true}}